{
  "lang":"en",
  "name":"pipeline",
  "version":"0.0.0",
  "spacy_version":">=3.6.1,<3.7.0",
  "description":"",
  "author":"",
  "email":"",
  "url":"",
  "license":"",
  "spacy_git_version":"458bc5f45",
  "vectors":{
    "width":0,
    "vectors":0,
    "keys":0,
    "name":null,
    "mode":"default"
  },
  "labels":{
    "tok2vec":[

    ],
    "ner":[
      "B-DES",
      "B-EMAIL",
      "B-NAME",
      "B-ORG",
      "B-PHOE",
      "B-PHONE",
      "B-WEB",
      "DES",
      "EMAIL",
      "I-DE",
      "I-DES",
      "I-EMAIL",
      "I-NAME",
      "I-OR",
      "I-ORG",
      "I-PHONE",
      "I-WEB",
      "NAME",
      "ORG",
      "PHONE",
      "WEB"
    ]
  },
  "pipeline":[
    "tok2vec",
    "ner"
  ],
  "components":[
    "tok2vec",
    "ner"
  ],
  "disabled":[

  ],
  "performance":{
    "ents_f":0.608,
    "ents_p":0.6785714286,
    "ents_r":0.5507246377,
    "ents_per_type":{
      "B-WEB":{
        "p":0.7272727273,
        "r":0.8,
        "f":0.7619047619
      },
      "B-NAME":{
        "p":0.4736842105,
        "r":0.3913043478,
        "f":0.4285714286
      },
      "B-DES":{
        "p":0.5454545455,
        "r":0.375,
        "f":0.4444444444
      },
      "B-EMAIL":{
        "p":0.8888888889,
        "r":0.8888888889,
        "f":0.8888888889
      },
      "B-ORG":{
        "p":0.5384615385,
        "r":0.2916666667,
        "f":0.3783783784
      },
      "I-ORG":{
        "p":0.6444444444,
        "r":0.6041666667,
        "f":0.623655914
      },
      "B-PHONE":{
        "p":0.7142857143,
        "r":0.7142857143,
        "f":0.7142857143
      },
      "I-PHONE":{
        "p":0.72,
        "r":0.5142857143,
        "f":0.6
      },
      "I-NAME":{
        "p":0.75,
        "r":0.5142857143,
        "f":0.6101694915
      },
      "I-DES":{
        "p":0.6470588235,
        "r":0.4583333333,
        "f":0.5365853659
      },
      "I-EMAIL":{
        "p":0.8333333333,
        "r":0.7142857143,
        "f":0.7692307692
      },
      "I-WEB":{
        "p":0.0,
        "r":0.0,
        "f":0.0
      }
    },
    "tok2vec_loss":412.4655786825,
    "ner_loss":465.6235562809
  }
}