{
  "lang":"en",
  "name":"pipeline",
  "version":"0.0.0",
  "spacy_version":">=3.6.1,<3.7.0",
  "description":"",
  "author":"",
  "email":"",
  "url":"",
  "license":"",
  "spacy_git_version":"458bc5f45",
  "vectors":{
    "width":0,
    "vectors":0,
    "keys":0,
    "name":null,
    "mode":"default"
  },
  "labels":{
    "tok2vec":[

    ],
    "ner":[
      "B-ADDRESS",
      "B-CONTENT",
      "B-DES",
      "B-EMAIL",
      "B-FAX",
      "B-NAME",
      "B-ORG",
      "B-PHONE",
      "B-WEB",
      "I-ADDRESS",
      "I-CONTENT",
      "I-DES",
      "I-EMAIL",
      "I-FAX",
      "I-NAME",
      "I-ORG",
      "I-PHONE",
      "I-WEB",
      "b-pHONE"
    ]
  },
  "pipeline":[
    "tok2vec",
    "ner"
  ],
  "components":[
    "tok2vec",
    "ner"
  ],
  "disabled":[

  ],
  "performance":{
    "ents_f":0.8577442215,
    "ents_p":0.8915024285,
    "ents_r":0.8264493563,
    "ents_per_type":{
      "B-CONTENT":{
        "p":0.9425901202,
        "r":0.9570718482,
        "f":0.9497757848
      },
      "B-ADDRESS":{
        "p":0.8981549815,
        "r":0.8873496172,
        "f":0.8927196039
      },
      "B-PHONE":{
        "p":0.9606625259,
        "r":0.9544303797,
        "f":0.9575363124
      },
      "B-FAX":{
        "p":0.9759818241,
        "r":0.9725097025,
        "f":0.9742426697
      },
      "B-EMAIL":{
        "p":0.9621513944,
        "r":0.9442815249,
        "f":0.9531327084
      },
      "B-WEB":{
        "p":0.9491415614,
        "r":0.9711634074,
        "f":0.9600262123
      },
      "I-DES":{
        "p":0.2906976744,
        "r":0.1077586207,
        "f":0.1572327044
      },
      "I-ORG":{
        "p":0.4751381215,
        "r":0.3086124402,
        "f":0.3741841914
      },
      "I-PHONE":{
        "p":0.6082191781,
        "r":0.4404761905,
        "f":0.5109321059
      },
      "I-ADDRESS":{
        "p":0.6266840504,
        "r":0.6092099704,
        "f":0.617823479
      },
      "B-DES":{
        "p":0.2522522523,
        "r":0.1255605381,
        "f":0.1676646707
      },
      "B-NAME":{
        "p":0.6785714286,
        "r":0.27696793,
        "f":0.3933747412
      },
      "I-NAME":{
        "p":0.5838509317,
        "r":0.2070484581,
        "f":0.3056910569
      },
      "B-ORG":{
        "p":0.8201754386,
        "r":0.5090744102,
        "f":0.6282194849
      },
      "I-CONTENT":{
        "p":0.0,
        "r":0.0,
        "f":0.0
      },
      "I-EMAIL":{
        "p":0.75,
        "r":0.0803571429,
        "f":0.1451612903
      },
      "I-FAX":{
        "p":0.7179487179,
        "r":0.2,
        "f":0.312849162
      },
      "I-WEB":{
        "p":0.9666666667,
        "r":0.3918918919,
        "f":0.5576923077
      },
      "b-pHONE":{
        "p":0.0,
        "r":0.0,
        "f":0.0
      },
      "P":{
        "p":0.0,
        "r":0.0,
        "f":0.0
      },
      "I":{
        "p":0.0,
        "r":0.0,
        "f":0.0
      },
      "b-":{
        "p":0.0,
        "r":0.0,
        "f":0.0
      },
      "b-o":{
        "p":0.0,
        "r":0.0,
        "f":0.0
      },
      "o":{
        "p":0.0,
        "r":0.0,
        "f":0.0
      },
      "I-DEs":{
        "p":0.0,
        "r":0.0,
        "f":0.0
      }
    },
    "tok2vec_loss":171.7046054234,
    "ner_loss":259.553458487
  }
}