{
  "lang":"en",
  "name":"pipeline",
  "version":"0.0.0",
  "spacy_version":">=3.6.1,<3.7.0",
  "description":"",
  "author":"",
  "email":"",
  "url":"",
  "license":"",
  "spacy_git_version":"458bc5f45",
  "vectors":{
    "width":0,
    "vectors":0,
    "keys":0,
    "name":null,
    "mode":"default"
  },
  "labels":{
    "tok2vec":[

    ],
    "ner":[
      "0",
      "B-ADDRESS",
      "B-CONTENT",
      "B-DES",
      "B-EMAIL",
      "B-FAX",
      "B-NAME",
      "B-ORG",
      "B-PHONE",
      "B-WEB",
      "I",
      "I-ADDRESS",
      "I-CONTENT",
      "I-DES",
      "I-DEs",
      "I-EMAIL",
      "I-FAX",
      "I-NAME",
      "I-ORG",
      "I-PHONE",
      "I-WEB",
      "P",
      "b-",
      "b-pHONE",
      "o"
    ]
  },
  "pipeline":[
    "tok2vec",
    "ner"
  ],
  "components":[
    "tok2vec",
    "ner"
  ],
  "disabled":[

  ],
  "performance":{
    "ents_f":0.9351432881,
    "ents_p":0.9538461538,
    "ents_r":0.9171597633,
    "ents_per_type":{
      "B-ORG":{
        "p":0.8666666667,
        "r":0.8125,
        "f":0.8387096774
      },
      "B-CONTENT":{
        "p":0.9615384615,
        "r":1.0,
        "f":0.9803921569
      },
      "B-ADDRESS":{
        "p":0.9310344828,
        "r":0.8181818182,
        "f":0.8709677419
      },
      "B-PHONE":{
        "p":0.9733333333,
        "r":1.0,
        "f":0.9864864865
      },
      "B-FAX":{
        "p":1.0,
        "r":0.9714285714,
        "f":0.9855072464
      },
      "B-EMAIL":{
        "p":0.9696969697,
        "r":1.0,
        "f":0.9846153846
      },
      "B-WEB":{
        "p":1.0,
        "r":0.9705882353,
        "f":0.9850746269
      },
      "b-o":{
        "p":0.0,
        "r":0.0,
        "f":0.0
      },
      "I-ADDRESS":{
        "p":0.8888888889,
        "r":0.8205128205,
        "f":0.8533333333
      },
      "B-NAME":{
        "p":1.0,
        "r":0.8,
        "f":0.8888888889
      },
      "I-NAME":{
        "p":1.0,
        "r":1.0,
        "f":1.0
      },
      "B-DES":{
        "p":0.6666666667,
        "r":1.0,
        "f":0.8
      },
      "I-DES":{
        "p":1.0,
        "r":0.75,
        "f":0.8571428571
      },
      "I-ORG":{
        "p":0.9333333333,
        "r":0.875,
        "f":0.9032258065
      },
      "I-PHONE":{
        "p":1.0,
        "r":0.6,
        "f":0.75
      },
      "I-WEB":{
        "p":1.0,
        "r":0.6666666667,
        "f":0.8
      },
      "I-FAX":{
        "p":1.0,
        "r":1.0,
        "f":1.0
      }
    },
    "tok2vec_loss":1318.9923127022,
    "ner_loss":741.7898468466
  }
}