{
  "lang":"en",
  "name":"pipeline",
  "version":"0.0.0",
  "spacy_version":">=3.6.1,<3.7.0",
  "description":"",
  "author":"",
  "email":"",
  "url":"",
  "license":"",
  "spacy_git_version":"458bc5f45",
  "vectors":{
    "width":0,
    "vectors":0,
    "keys":0,
    "name":null,
    "mode":"default"
  },
  "labels":{
    "tok2vec":[

    ],
    "ner":[
      "0",
      "B-ADDRESS",
      "B-CONTENT",
      "B-DES",
      "B-EMAIL",
      "B-FAX",
      "B-NAME",
      "B-ORG",
      "B-PHONE",
      "B-WEB",
      "I",
      "I-ADDRESS",
      "I-CONTENT",
      "I-DES",
      "I-DEs",
      "I-EMAIL",
      "I-FAX",
      "I-NAME",
      "I-ORG",
      "I-PHONE",
      "I-WEB",
      "P",
      "b-",
      "b-pHONE",
      "o"
    ]
  },
  "pipeline":[
    "tok2vec",
    "ner"
  ],
  "components":[
    "tok2vec",
    "ner"
  ],
  "disabled":[

  ],
  "performance":{
    "ents_f":0.912071535,
    "ents_p":0.9189189189,
    "ents_r":0.9053254438,
    "ents_per_type":{
      "B-DES":{
        "p":0.4285714286,
        "r":0.75,
        "f":0.5454545455
      },
      "B-ORG":{
        "p":0.7777777778,
        "r":0.875,
        "f":0.8235294118
      },
      "B-CONTENT":{
        "p":0.9615384615,
        "r":1.0,
        "f":0.9803921569
      },
      "B-ADDRESS":{
        "p":0.9333333333,
        "r":0.8484848485,
        "f":0.8888888889
      },
      "B-PHONE":{
        "p":0.972972973,
        "r":0.9863013699,
        "f":0.9795918367
      },
      "B-FAX":{
        "p":1.0,
        "r":0.9714285714,
        "f":0.9855072464
      },
      "B-EMAIL":{
        "p":1.0,
        "r":1.0,
        "f":1.0
      },
      "B-WEB":{
        "p":1.0,
        "r":0.9705882353,
        "f":0.9850746269
      },
      "b-o":{
        "p":0.0,
        "r":0.0,
        "f":0.0
      },
      "I-ADDRESS":{
        "p":0.8648648649,
        "r":0.8205128205,
        "f":0.8421052632
      },
      "B-NAME":{
        "p":0.6,
        "r":0.6,
        "f":0.6
      },
      "I-NAME":{
        "p":1.0,
        "r":0.8333333333,
        "f":0.9090909091
      },
      "I-DES":{
        "p":0.6666666667,
        "r":1.0,
        "f":0.8
      },
      "I-ORG":{
        "p":0.8571428571,
        "r":0.75,
        "f":0.8
      },
      "I-PHONE":{
        "p":0.6666666667,
        "r":0.6,
        "f":0.6315789474
      },
      "I-WEB":{
        "p":1.0,
        "r":0.6666666667,
        "f":0.8
      },
      "I-FAX":{
        "p":1.0,
        "r":0.5,
        "f":0.6666666667
      }
    },
    "tok2vec_loss":2034.4938468067,
    "ner_loss":704.6050379431
  }
}