{
  "lang":"en",
  "name":"pipeline",
  "version":"0.0.0",
  "spacy_version":">=3.6.1,<3.7.0",
  "description":"",
  "author":"",
  "email":"",
  "url":"",
  "license":"",
  "spacy_git_version":"458bc5f45",
  "vectors":{
    "width":0,
    "vectors":0,
    "keys":0,
    "name":null,
    "mode":"default"
  },
  "labels":{
    "tok2vec":[

    ],
    "ner":[
      "B-ADDRESS",
      "B-CONTENT",
      "B-DES",
      "B-EMAIL",
      "B-FAX",
      "B-NAME",
      "B-ORG",
      "B-PHONE",
      "B-WEB",
      "I-ADDRESS",
      "I-CONTENT",
      "I-DES",
      "I-EMAIL",
      "I-FAX",
      "I-NAME",
      "I-ORG",
      "I-PHONE",
      "I-WEB",
      "b-pHONE"
    ]
  },
  "pipeline":[
    "tok2vec",
    "ner"
  ],
  "components":[
    "tok2vec",
    "ner"
  ],
  "disabled":[

  ],
  "performance":{
    "ents_f":0.8533755478,
    "ents_p":0.8867402207,
    "ents_r":0.8224306021,
    "ents_per_type":{
      "B-CONTENT":{
        "p":0.9436371642,
        "r":0.9683687302,
        "f":0.9558429973
      },
      "B-PHONE":{
        "p":0.969521045,
        "r":0.9512658228,
        "f":0.9603066848
      },
      "B-FAX":{
        "p":0.98101473,
        "r":0.9692755498,
        "f":0.9751098097
      },
      "B-EMAIL":{
        "p":0.9544396408,
        "r":0.9351580319,
        "f":0.9447004608
      },
      "B-WEB":{
        "p":0.9409499358,
        "r":0.9718263175,
        "f":0.9561389206
      },
      "B-ADDRESS":{
        "p":0.8837988827,
        "r":0.8651111921,
        "f":0.8743551953
      },
      "I-DES":{
        "p":0.3,
        "r":0.1293103448,
        "f":0.1807228916
      },
      "I-ORG":{
        "p":0.3716608595,
        "r":0.3827751196,
        "f":0.3771361226
      },
      "B-ORG":{
        "p":0.7634408602,
        "r":0.5154264973,
        "f":0.6153846154
      },
      "I-ADDRESS":{
        "p":0.6844758065,
        "r":0.573722011,
        "f":0.6242243162
      },
      "B-DES":{
        "p":0.106870229,
        "r":0.0627802691,
        "f":0.0790960452
      },
      "B-NAME":{
        "p":0.8411214953,
        "r":0.2623906706,
        "f":0.4
      },
      "I-NAME":{
        "p":0.6571428571,
        "r":0.2026431718,
        "f":0.3097643098
      },
      "I-CONTENT":{
        "p":0.0,
        "r":0.0,
        "f":0.0
      },
      "I-PHONE":{
        "p":0.558411215,
        "r":0.4742063492,
        "f":0.5128755365
      },
      "I-EMAIL":{
        "p":0.5,
        "r":0.0714285714,
        "f":0.125
      },
      "I-FAX":{
        "p":0.6,
        "r":0.1928571429,
        "f":0.2918918919
      },
      "I-WEB":{
        "p":0.9666666667,
        "r":0.3918918919,
        "f":0.5576923077
      },
      "P":{
        "p":0.0,
        "r":0.0,
        "f":0.0
      },
      "I":{
        "p":0.0,
        "r":0.0,
        "f":0.0
      },
      "b-":{
        "p":0.0,
        "r":0.0,
        "f":0.0
      },
      "b-o":{
        "p":0.0,
        "r":0.0,
        "f":0.0
      },
      "o":{
        "p":0.0,
        "r":0.0,
        "f":0.0
      },
      "I-DEs":{
        "p":0.0,
        "r":0.0,
        "f":0.0
      }
    },
    "tok2vec_loss":360.2840104337,
    "ner_loss":222.7754098162
  }
}