{
  "lang":"en",
  "name":"pipeline",
  "version":"0.0.0",
  "spacy_version":">=3.6.1,<3.7.0",
  "description":"",
  "author":"",
  "email":"",
  "url":"",
  "license":"",
  "spacy_git_version":"458bc5f45",
  "vectors":{
    "width":0,
    "vectors":0,
    "keys":0,
    "name":null,
    "mode":"default"
  },
  "labels":{
    "tok2vec":[

    ],
    "ner":[
      "B-ADDRESS",
      "B-CONTENT",
      "B-DES",
      "B-EMAIL",
      "B-FAX",
      "B-NAME",
      "B-ORG",
      "B-PHONE",
      "B-WEB",
      "I",
      "I-ADDRESS",
      "I-DES",
      "I-EMAIL",
      "I-FAX",
      "I-NAME",
      "I-ORG",
      "I-PHONE",
      "I-WEB"
    ]
  },
  "pipeline":[
    "tok2vec",
    "ner"
  ],
  "components":[
    "tok2vec",
    "ner"
  ],
  "disabled":[

  ],
  "performance":{
    "ents_f":0.8446147625,
    "ents_p":0.8780429212,
    "ents_r":0.813638556,
    "ents_per_type":{
      "I-ADDRESS":{
        "p":0.6521533365,
        "r":0.5846414934,
        "f":0.6165548098
      },
      "B-ORG":{
        "p":0.6625641026,
        "r":0.5804132974,
        "f":0.6187739464
      },
      "I-ORG":{
        "p":0.44,
        "r":0.3139120095,
        "f":0.3664122137
      },
      "B-ADDRESS":{
        "p":0.8602461984,
        "r":0.8652585579,
        "f":0.862745098
      },
      "B-PHONE":{
        "p":0.9438325991,
        "r":0.9460652894,
        "f":0.9449476254
      },
      "B-EMAIL":{
        "p":0.9494584838,
        "r":0.9432670362,
        "f":0.9463526333
      },
      "B-NAME":{
        "p":0.7868852459,
        "r":0.2848664688,
        "f":0.4183006536
      },
      "I-DES":{
        "p":0.1,
        "r":0.0649350649,
        "f":0.0787401575
      },
      "B-DES":{
        "p":0.1375,
        "r":0.0497737557,
        "f":0.073089701
      },
      "I-NAME":{
        "p":0.7686567164,
        "r":0.2273730684,
        "f":0.3509369676
      },
      "B-CONTENT":{
        "p":0.9248055315,
        "r":0.9630963096,
        "f":0.9435626102
      },
      "B-FAX":{
        "p":0.9925449,
        "r":0.9445340213,
        "f":0.9679444812
      },
      "B-WEB":{
        "p":0.9651625747,
        "r":0.9575378539,
        "f":0.9613350958
      },
      "I-PHONE":{
        "p":0.4540540541,
        "r":0.16,
        "f":0.2366197183
      },
      "I-WEB":{
        "p":0.7096774194,
        "r":0.6285714286,
        "f":0.6666666667
      },
      "I":{
        "p":0.0,
        "r":0.0,
        "f":0.0
      },
      "I-EMAIL":{
        "p":0.4102564103,
        "r":0.3076923077,
        "f":0.3516483516
      },
      "P":{
        "p":0.0,
        "r":0.0,
        "f":0.0
      },
      "I-FAX":{
        "p":0.4074074074,
        "r":0.0733333333,
        "f":0.1242937853
      },
      "I-CONTENT":{
        "p":0.0,
        "r":0.0,
        "f":0.0
      },
      "b-":{
        "p":0.0,
        "r":0.0,
        "f":0.0
      },
      "I-DEs":{
        "p":0.0,
        "r":0.0,
        "f":0.0
      },
      "0":{
        "p":0.0,
        "r":0.0,
        "f":0.0
      },
      "o":{
        "p":0.0,
        "r":0.0,
        "f":0.0
      },
      "b-pHONE":{
        "p":0.0,
        "r":0.0,
        "f":0.0
      },
      "b-o":{
        "p":0.0,
        "r":0.0,
        "f":0.0
      }
    },
    "tok2vec_loss":455.4752146747,
    "ner_loss":24.859979856
  }
}