{
  "lang":"en",
  "name":"pipeline",
  "version":"0.0.0",
  "spacy_version":">=3.6.1,<3.7.0",
  "description":"",
  "author":"",
  "email":"",
  "url":"",
  "license":"",
  "spacy_git_version":"458bc5f45",
  "vectors":{
    "width":0,
    "vectors":0,
    "keys":0,
    "name":null,
    "mode":"default"
  },
  "labels":{
    "tok2vec":[

    ],
    "ner":[
      "B-ADDRESS",
      "B-CONTENT",
      "B-DES",
      "B-EMAIL",
      "B-FAX",
      "B-NAME",
      "B-ORG",
      "B-PHONE",
      "B-WEB",
      "I",
      "I-ADDRESS",
      "I-DES",
      "I-EMAIL",
      "I-FAX",
      "I-NAME",
      "I-ORG",
      "I-PHONE",
      "I-WEB"
    ]
  },
  "pipeline":[
    "tok2vec",
    "ner"
  ],
  "components":[
    "tok2vec",
    "ner"
  ],
  "disabled":[

  ],
  "performance":{
    "ents_f":0.8447183167,
    "ents_p":0.8902910227,
    "ents_r":0.8035840166,
    "ents_per_type":{
      "I-ADDRESS":{
        "p":0.6860841424,
        "r":0.5396690709,
        "f":0.6041320351
      },
      "I-DES":{
        "p":0.0580357143,
        "r":0.0562770563,
        "f":0.0571428571
      },
      "B-ORG":{
        "p":0.7580645161,
        "r":0.5489667565,
        "f":0.6367899948
      },
      "B-ADDRESS":{
        "p":0.8405327574,
        "r":0.8503277495,
        "f":0.8454018827
      },
      "I-EMAIL":{
        "p":0.4719101124,
        "r":0.4038461538,
        "f":0.4352331606
      },
      "B-EMAIL":{
        "p":0.9351316635,
        "r":0.949462015,
        "f":0.9422423556
      },
      "B-NAME":{
        "p":0.7222222222,
        "r":0.2700296736,
        "f":0.3930885529
      },
      "I-ORG":{
        "p":0.5974683544,
        "r":0.2806183115,
        "f":0.3818770227
      },
      "B-PHONE":{
        "p":0.9717801477,
        "r":0.9340797981,
        "f":0.9525570923
      },
      "B-DES":{
        "p":0.2380952381,
        "r":0.0678733032,
        "f":0.1056338028
      },
      "I-NAME":{
        "p":0.914893617,
        "r":0.1898454746,
        "f":0.3144424132
      },
      "B-CONTENT":{
        "p":0.8732904264,
        "r":0.9770477048,
        "f":0.922259983
      },
      "B-FAX":{
        "p":0.985565626,
        "r":0.9467913576,
        "f":0.9657894737
      },
      "B-WEB":{
        "p":0.9715254237,
        "r":0.9433838051,
        "f":0.957247829
      },
      "I-PHONE":{
        "p":0.5078534031,
        "r":0.1847619048,
        "f":0.2709497207
      },
      "I-WEB":{
        "p":0.8653846154,
        "r":0.6428571429,
        "f":0.737704918
      },
      "I":{
        "p":0.0,
        "r":0.0,
        "f":0.0
      },
      "P":{
        "p":0.0,
        "r":0.0,
        "f":0.0
      },
      "I-FAX":{
        "p":0.4210526316,
        "r":0.0533333333,
        "f":0.0946745562
      },
      "I-CONTENT":{
        "p":0.0,
        "r":0.0,
        "f":0.0
      },
      "b-":{
        "p":0.0,
        "r":0.0,
        "f":0.0
      },
      "I-DEs":{
        "p":0.0,
        "r":0.0,
        "f":0.0
      },
      "0":{
        "p":0.0,
        "r":0.0,
        "f":0.0
      },
      "o":{
        "p":0.0,
        "r":0.0,
        "f":0.0
      },
      "b-pHONE":{
        "p":0.0,
        "r":0.0,
        "f":0.0
      },
      "b-o":{
        "p":0.0,
        "r":0.0,
        "f":0.0
      }
    },
    "tok2vec_loss":307.4106206915,
    "ner_loss":21.1035008435
  }
}