{
  "lang":"en",
  "name":"pipeline",
  "version":"0.0.0",
  "spacy_version":">=3.6.1,<3.7.0",
  "description":"",
  "author":"",
  "email":"",
  "url":"",
  "license":"",
  "spacy_git_version":"458bc5f45",
  "vectors":{
    "width":0,
    "vectors":0,
    "keys":0,
    "name":null,
    "mode":"default"
  },
  "labels":{
    "tok2vec":[

    ],
    "ner":[
      "B-DES",
      "B-EMAIL",
      "B-NAME",
      "B-ORG",
      "B-PHOE",
      "B-PHONE",
      "B-WEB",
      "DES",
      "EMAIL",
      "I-DE",
      "I-DES",
      "I-EMAIL",
      "I-NAME",
      "I-OR",
      "I-ORG",
      "I-PHONE",
      "I-WEB",
      "NAME",
      "ORG",
      "PHONE",
      "WEB"
    ]
  },
  "pipeline":[
    "tok2vec",
    "ner"
  ],
  "components":[
    "tok2vec",
    "ner"
  ],
  "disabled":[

  ],
  "performance":{
    "ents_f":0.6,
    "ents_p":0.7268041237,
    "ents_r":0.5108695652,
    "ents_per_type":{
      "B-WEB":{
        "p":0.6666666667,
        "r":0.8,
        "f":0.7272727273
      },
      "B-DES":{
        "p":0.5454545455,
        "r":0.375,
        "f":0.4444444444
      },
      "B-EMAIL":{
        "p":0.8823529412,
        "r":0.8333333333,
        "f":0.8571428571
      },
      "B-ORG":{
        "p":0.5384615385,
        "r":0.2916666667,
        "f":0.3783783784
      },
      "I-ORG":{
        "p":0.7575757576,
        "r":0.5208333333,
        "f":0.6172839506
      },
      "B-PHONE":{
        "p":0.7,
        "r":0.6,
        "f":0.6461538462
      },
      "I-PHONE":{
        "p":0.75,
        "r":0.5142857143,
        "f":0.6101694915
      },
      "I-NAME":{
        "p":0.8333333333,
        "r":0.4285714286,
        "f":0.5660377358
      },
      "B-NAME":{
        "p":0.6666666667,
        "r":0.4347826087,
        "f":0.5263157895
      },
      "I-DES":{
        "p":0.6666666667,
        "r":0.4166666667,
        "f":0.5128205128
      },
      "I-EMAIL":{
        "p":1.0,
        "r":0.7142857143,
        "f":0.8333333333
      },
      "I-WEB":{
        "p":1.0,
        "r":1.0,
        "f":1.0
      }
    },
    "tok2vec_loss":438.4599102683,
    "ner_loss":432.9518384516
  }
}